n_params,acc,auc
8690,0.8461538461538461,0.805982905982906
