n_params,acc,auc
8690,0.8402777777777778,0.7995726495726497
