n_params,acc,auc
7101,0.782051282051282,0.662907268170426
