n_params,acc,auc
7101,0.7628205128205128,0.5946115288220551
